Type,ID,Label,LDX,Cleaning,Sr/Ca [mmol/mol],Ba/Ca [umol/mol],U/Ca [nmol/mol],Na_Ca [mmol/mol],Mg_Ca [mmol/mol],Mn_Ca [umol/mol],Fe_Ca [umol/mol],Al_Ca [umol/mol],Unnamed: 13,Unnamed: 14,Unnamed: 15,Unnamed: 16,Unnamed: 17,Unnamed: 18,Unnamed: 19,Unnamed: 20,Unnamed: 21,Unnamed: 22,Unnamed: 23,Unnamed: 24,Unnamed: 25,Unnamed: 26,Unnamed: 27
Sed Trap,250409_MK01_006,7-1,,na,0.8093344263743193,8.580389655212402,349.33938408922165,27.134223195237617,0.961072024447602,24.006529318345894,23.481281407349556,37.8242345633188,,,,,,,,,,,,,,,
Sed Trap,250409_MK02_007,6-3,,na,0.8058007915672126,10.874727826601507,38.92503279749487,37.09827270225238,0.2759128581497995,18.32274733249534,44.21012601812773,86.44551374776627,,,,,,,,,,,,,,,
Sed Trap,250409_MK03_008,7-4,,na,0.7890205866922653,21.85266026837348,486.4823975669153,42.10435597115773,1.01027729481848,28.939842343182082,199.02388947971676,192.53405332023902,,,,,,,,,,,,,,,
Sed Trap,250409_MK04_009,6-12,,na,0.8793218274581237,15.618258396167157,64.02207665960255,37.02497532250951,0.2696689918686821,17.07094414093772,41.70463838275739,47.584717245536574,,,,,,,,,,,,,,,
Sed Trap,250409_MK05_010,6-4,,na,0.8497356193475543,10.471283552733373,45.51425416832124,37.13063580236753,0.24353026866796124,17.220231271854207,9.382987174143683,11.240396518217807,,,,,,,,,,,,,,,
Sed Trap,250409_MK06_014,12-4,,na,0.8650192433479685,35.748985570739016,395.4661185758716,57.563021246709916,1.2318368301159066,25.513000106482657,272.5491050926479,314.18405452370484,,,,,,,,,,,,,,,
Sed Trap,250409_MK07_015,4-1,,na,0.8865610500873159,21.274117579071415,34.82606125167655,52.50853384880792,0.2106549675462902,24.521995784066746,8.783380738401119,10.179775574037372,,,,,,,,,,,,,,,
Sed Trap,250409_MK08_016,11-5,,na,0.9279084140152204,48.102592972145246,219.37686437793496,57.65262183673116,0.5398836848281815,9.950261362054126,112.6526636209122,91.91271061164977,,,,,,,,,,,,,,,
Sed Trap,250409_MK09_017,10-2,,na,0.8070218365145236,10.455680618415109,178.8737835451884,40.29903898445168,0.2723349433413704,7.8353679661454105,9.410033593909352,13.389546649879703,,,,,,,,,,,,,,,
Sed Trap,250409_MK10_018,3-1,,na,0.7236837448854548,5.123940946932683,24.593890076209743,51.38207375015831,0.3055233096620799,18.00035020300301,18.908057017564776,30.74364802675627,,,,,,,,,,,,,,,
Sed Trap,250409_MK11_021,9-2,,na,0.9616131350910534,23.964656258597035,469.1271799520976,41.90330986764216,0.6360733001409031,9.103986877300233,125.2866337766691,170.20697097150486,,,,,,,,,,,,,,,
Sed Trap,250409_MK12_022,6-6,,na,1.222227150597334,11.038185180700172,48.536706315537195,96.7359880189934,0.29030406206297854,10.660638353397356,32.02212709734122,24.357999230689543,,,,,,,,,,,,,,,
Sed Trap,250409_MK13_023,13-4,,na,1.035875758861204,6.7968407717507775,133.269663253214,87.80369084794017,0.674311645893729,8.68574841268383,135.8285002973293,192.74606876714873,,,,,,,,,,,,,,,
Sed Trap,250409_MK14_024,11-1,,na,0.9218812171327491,42.02759378936398,186.150083197234,39.633014680025624,0.328148412954601,11.031716815464861,105.33504986099311,122.79761862196219,,,,,,,,,,,,,,,
Sediment,250409_MC47_006,A1,,no clean,2.4240384752474555,11.994102980491613,468.3895595438076,17.210719873136657,9.04612260932498,175.65853023117276,556.8064995329007,513.9031739346847,,,Sediment,250409_MC47_006,A1,,no clean,2.4240384752474555,11.994102980491613,468.3895595438076,17.210719873136657,9.04612260932498,175.65853023117276,556.8064995329007,513.9031739346847
Sediment,250409_MC48_007,A2,,no clean,2.3029585788126603,12.848314913862716,447.94133990479213,17.48493818558244,8.172336479277574,174.43419391518393,588.7472175190226,627.1171874876821,,,Sediment,250409_MC48_007,A2,,no clean,2.3029585788126603,12.848314913862716,447.94133990479213,17.48493818558244,8.172336479277574,174.43419391518393,588.7472175190226,627.1171874876821
Sediment,250409_MK49_008,A3,,no clean,2.345928293878571,12.4210935332361,449.2971593032706,17.329182493403763,9.02414281473312,165.6397343820345,521.8168243699243,548.6695761659207,,,Sediment,250409_MK49_008,A3,,no clean,2.345928293878571,12.4210935332361,449.2971593032706,17.329182493403763,9.02414281473312,165.6397343820345,521.8168243699243,548.6695761659207
Sediment,250409_MK50_009,B1,,sonic only,1.5770705354627657,6.71894073046416,302.79267025152586,18.657383483251486,3.1512495171605153,48.95216995136264,174.51428541350577,219.93697957266215,,,Sediment,250409_MK50_009,B1,,sonic only,1.5770705354627657,6.71894073046416,302.79267025152586,18.657383483251486,3.1512495171605153,48.95216995136264,174.51428541350577,219.93697957266215
Sediment,250409_MK51_010,B2,,sonic only,1.5979015509006576,7.006678669499552,308.31198972930645,18.82129046929329,3.4112927201749854,47.29571595199434,167.46871571763438,156.3431622820941,,,Sediment,250409_MK51_010,B2,,sonic only,1.5979015509006576,7.006678669499552,308.31198972930645,18.82129046929329,3.4112927201749854,47.29571595199434,167.46871571763438,156.3431622820941
Sediment,250409_MK52_014,B3,,sonic only,1.6682384240136723,7.296222430339202,320.7144097559301,18.326195021745924,3.569038446941203,44.414757823823244,157.62759062691416,141.92032139848197,,,Sediment,250409_MK52_014,B3,,sonic only,1.6682384240136723,7.296222430339202,320.7144097559301,18.326195021745924,3.569038446941203,44.414757823823244,157.62759062691416,141.92032139848197
Sediment,250409_MK53_015,C1,,sonic+red,1.3415621166647502,5.7020981777185344,223.36742932630972,18.67329926158967,1.1983217414583234,15.484944635332528,25.883426323940235,72.38008408945117,,,Sediment,250409_MK53_015,C1,,sonic+red,1.3415621166647502,5.7020981777185344,223.36742932630972,18.67329926158967,1.1983217414583234,15.484944635332528,25.883426323940235,72.38008408945117
Sediment,250409_MK54_016,C2,,sonic+red,1.5575845128239232,5.942119785146838,236.96242951649464,29.761961607080888,1.409895514986543,15.630759401881026,25.78692042263827,53.63773308714414,,,Sediment,250409_MK54_016,C2,,sonic+red,1.5575845128239232,5.942119785146838,236.96242951649464,29.761961607080888,1.409895514986543,15.630759401881026,25.78692042263827,53.63773308714414
Sediment,250409_MK55_017,C3,,sonic+red,1.4277933288311244,6.387162272412955,247.06680639675164,18.79052898864428,0.9257149203402124,15.710662717164421,30.05358954150387,59.87691798887488,,,Sediment,250409_MK55_017,C3,,sonic+red,1.4277933288311244,6.387162272412955,247.06680639675164,18.79052898864428,0.9257149203402124,15.710662717164421,30.05358954150387,59.87691798887488
Sediment,250409_MK56_018,D1,,sonic++red+ox,1.3244922852859213,6.485687884822839,218.43171399770733,19.685248179403228,0.9664150942769436,15.895692464599502,17.47462352076996,45.282253824305165,,,Sediment,250409_MK56_018,D1,,sonic++red+ox,1.3244922852859213,6.485687884822839,218.43171399770733,19.685248179403228,0.9664150942769436,15.895692464599502,17.47462352076996,45.282253824305165
Sediment,250409_MK57_021,D2,,sonic++red+ox,1.3081440292087358,6.009465918527243,221.35630060801955,19.410276393833488,0.7935097935798665,15.74809501785283,23.308749817709145,62.512748584023385,,,Sediment,250409_MK57_021,D2,,sonic++red+ox,1.3081440292087358,6.009465918527243,221.35630060801955,19.410276393833488,0.7935097935798665,15.74809501785283,23.308749817709145,62.512748584023385
Sediment,250409_MK58_022,D3,,sonic++red+ox,1.4717601344048605,6.720492569879498,230.31890204975423,18.90239105252989,3.0758591947397695,14.818881820090528,19.593911628595208,46.06978616682399,,,Sediment,250409_MK58_022,D3,,sonic++red+ox,1.4717601344048605,6.720492569879498,230.31890204975423,18.90239105252989,3.0758591947397695,14.818881820090528,19.593911628595208,46.06978616682399
Sed Trap,250515_MC_36,13-5,,na,0.9592611434792775,12.066556365700901,161.9227431529131,52.3487620801763,0.6400304101139624,16.514215278927544,25.154315378283385,42.29223875611653,,,,,,,,,,,,,,,
Sed Trap,250515_MC015,12-3,,na,0.721996359226769,27.097383191755213,277.3452332787361,,,,,,,,,,,,,,,,,,,,
Sed Trap,250515_MC_16,4-4,,na,0.8133673320213148,21.18610577281188,15.801180336692479,,,,,,,,,,,,,1.4423133194399327,6.010460078426109,235.79888841318532,22.408596619104944,1.177977392261693,15.60878891812599,27.241312096027457,61.9649117218234
Sed Trap,250515_MC_18,6-8,,na,0.770737145922904,18.418874611647716,43.48415532114973,,,,,,,,,,,,,,,,,,,,
Sed Trap,250515_MC_19,12-6,,na,0.7192533301616225,31.62758286432116,262.7077980145585,,,,,,,,,,,,,,,,,,,,
Sed Trap,250515_MC_20,12-7,,na,0.8593848840194248,27.6549242183985,280.8719586143595,,,,,,,,,,,,,,,,,,,,
Sed Trap,250515_MC_21,4-5,,na,0.8705780601854742,16.3548278818378,19.58650665373935,,,,,,,,,,,,,,,,,,,,
Sed Trap,250515_MC_22,11-3,,na,0.761821684251687,49.07502307008035,139.64951763061828,,,,,,,,,,,,,,,,,,,,
Sed Trap,250515_MC_23,11-4,,na,0.890733259780863,26.297978147991028,83.55503013252977,52.63523634229642,0.4801222216136771,13.560878679756133,159.00437811922646,201.55003627239822,,,,,,,,,,,,,,,
Sed Trap,250515_MC_24,13-3,,na,0.9341178063649817,7.077587154763515,65.93276135916489,86.74814777131776,0.7846615251531138,7.3467092504809255,136.35039159596252,174.50818201290463,,,,,,,,,,,,,,,
Sed Trap,250515_MC_26,12-1,,na,0.8936614620462698,16.726709874350476,181.52054191546878,43.197281943272245,0.33262348710927125,11.767537332380073,21.7520704421615,26.35388477015741,,,,,,,,,,,,,,,
Sed Trap,250515_MC_27,12-2,,na,0.8808494854358517,28.204916533395153,289.46023750181877,53.7056453097632,0.44298927093214113,11.393132915155682,41.78102589694803,111.76200703682701,,,,,,,,,,,,,,,
Sed Trap,250515_MC_30,6-7,,na,0.8653680214521509,20.795897804959665,61.3363382322696,77.7766819894831,0.3288787046070683,21.817958441671976,63.69445790901546,121.65943856354582,,,,,,,,,,,,,,,
Sed Trap,250515_MC_31,6-5,,na,0.9162235079877068,24.545744470135475,61.93777956310437,173.8984738304956,1.0827120164312798,19.31527498192806,136.73734233042214,156.07035135394165,,,,,,,,,,,,,,,
Sed Trap,250515_MC_32,6-9,,na,0.8763828636338783,12.79266909986408,44.38372481503403,48.06312411953186,0.25528721534446464,27.042002636147195,16.096262547244134,35.59216688155079,,,,,,,,,,,,,,,
Sed Trap,250515_MC_33,4-6,,na,0.8294399459226335,9.153155130047553,32.17387304575898,103.26174930766932,0.22714613772822062,9.978557930347668,9.80859808965996,20.53917049604224,,,,,,,,,,,,,,,
Sed Trap,250515_MC_35,13-6,,na,1.0131888115815226,15.618540947397582,131.6108706220471,41.18692741298365,0.6411949448470634,10.685825516912322,107.18206794110587,143.0875349723395,,,,,,,,,,,,,,,
Sed Trap,250515_MC_38,11-9,,na,1.029700689141007,13.487810021148949,180.02756940358057,52.98252868378694,0.7035539400438565,11.93170823525852,110.58649355921455,93.97251803199912,,,,,,,,,,,,,,,
Sed Trap,250515_MC_39,7-5,,na,0.9391975658440775,22.187098222622993,232.81284658384095,40.85001581750439,0.6683660866061242,25.3112561871514,70.14054515144807,70.28089972191026,,,,,,,,,,,,,,,
Sed Trap,250515_MC_40,7-10,,na,0.8382539640627119,79.56537208208334,310.5840984933038,51.97966949576584,1.187180700809771,51.78256314250304,386.60748366088694,588.2606457510531,,,,,,,,,,,,,,,
Sed Trap,250515_MC_41,7-8,,na,0.9043128541018852,27.000145839646486,184.55978829978042,35.304299846378434,0.6219108246646426,16.860920307063587,46.7958548160343,183.7360895710282,,,,,,,,,,,,,,,
Sed Trap,250515_MC_42,7-7,,na,0.9061923344716378,60.27840769238239,289.4889399592572,92.39884571745011,0.7166642202721922,18.511438084366794,68.82970682346678,106.88888921316737,,,,,,,,,,,,,,,
Sed Trap,250515_MC_43,6-15,,na,0.9569304872389551,17.080523833436768,73.1569404470015,29.573130556837636,0.3797858517718064,16.380057403292973,38.34186106960946,66.97128896449189,,,,,,,,,,,,,,,
Sed Trap,250515_MC_44,6-14,,na,0.9162122439738178,25.058629677997317,68.78849001742634,58.70602235448551,0.48295423573591645,17.003137623904195,108.40397354403991,103.39171008586746,,,,,,,,,,,,,,,
Sed Trap,250515_MC_45,6-11,,na,0.9613362711218025,18.017795753185347,92.87960077897864,43.978994852749935,0.43728866100165364,19.323630536464208,59.86414059633197,1135.9102008285563,,,,,,,,,,,,,,,
